scenario,base_reference_ratio,seed,stochastic,first_spendable_age,elapsed_days_to_eligible_parent,credited_work_hex,credited_work_over_threshold,post_reward_blocks_during_rental,post_reward_work_during_rental_hex,estimated_extra_hashes_post_reward,emergency_target_changes_including_warmup,modeled_blocks_including_warmup
steady_1_milli,0.001,0,0,12960,89.9930650677,000000000000000000000000000000000000000000000072b57402a14b21b484,0.00151054917443,0,0000000000000000000000000000000000000000000000000000000000000000,0,0,13559
steady_10_milli,0.01,0,0,12960,89.9930650677,00000000000000000000000000000000000000000000047b16881a4cef523ce2,0.0151054917443,0,0000000000000000000000000000000000000000000000000000000000000000,0,0,13559
steady_100_milli,0.1,0,0,12960,89.9930650677,000000000000000000000000000000000000000000002ccee15107015936f8b1,0.151054917443,0,0000000000000000000000000000000000000000000000000000000000000000,0,0,13559
steady_1000_milli,1,0,0,8580,59.5763888889,0000000000000000000000000000000000000000000128a279b84c5571b87bae,1,0,0000000000000000000000000000000000000000000000000000000000000000,0,0,9179
steady_2000_milli,2,0,0,4291,29.79156261,0000000000000000000000000000000000000000000128ab0fd686602c463a7d,1.00011307046,0,0000000000000000000000000000000000000000000000000000000000000000,0,0,4890
steady_10000_milli,10,0,0,4200,29.1593498896,00000000000000000000000000000000000000000005abdcdecaadac1e42ba7b,4.89444735343,0,0000000000000000000000000000000000000000000000000000000000000000,0,0,4799
steady_1000000_milli,1000,0,0,4200,29.1586733398,000000000000000000000000000000000000000002371ee8ab991a69be9b8131,489.433379338,0,0000000000000000000000000000000000000000000000000000000000000000,0,0,4799
rental_1000x_500_before,1,0,0,8580,59.5815545382,0000000000000000000000000000000000000000000128a90f50906c5f4c41d0,1.00008670644,0,0000000000000000000000000000000000000000000000000000000000000000,0,22,9179
rental_1000x_500_after,1,0,0,4200,29.2441844369,000000000000000000000000000000000000000000423a444750ba1aa1a6cda5,57.1553781111,500,00000000000000000000000000000000000000000041ba5039a5ded27b2ed85b,7.9380558306e+25,22,4799
rental_1000x_one_hour,1,0,0,4200,29.2775944228,000000000000000000000000000000000000000000015356d0bc7d1293fb749b,1.14396312067,15,00000000000000000000000000000000000000000000c2852a576002b4a296ad,9.78727220905e+23,19,4799
rental_1000x_one_day,1,0,0,4200,29.2429088999,00000000000000000000000000000000000000000013f2ef456185caf7831975,17.2162433201,157,00000000000000000000000000000000000000000013671519c23fe5d0ad8211,2.34894533017e+25,21,4799
rental_about_1EH_500_after,1,0,0,6719,46.9259380126,0000000000000000000000000000000000000000000128a424e5f2b1315ac179,1.00002197391,500,00000000000000000000000000000000000000000000502297ed0bbc2c84b85b,2.97480406093e+23,0,7318
rental_about_1EH_one_hour,1,0,0,8550,59.4252525867,0000000000000000000000000000000000000000000128a502a5801323bf4bc4,1.00003338057,10,0000000000000000000000000000000000000000000000ee200687232babf6ec,3.60042295979e+21,0,9149
rental_about_1EH_one_day,1,0,0,8013,55.908323091,0000000000000000000000000000000000000000000128ab5067bd3aa622e5d0,1.00011639178,148,00000000000000000000000000000000000000000000173ca197cc54ce203e7b,8.64101510349e+22,0,8612
low_base_about_1EH_500_after,0.1,0,0,12960,90.0902877187,000000000000000000000000000000000000000000006ba1ffa49ae75beebc71,0.362846349436,500,00000000000000000000000000000000000000000000408b0c6263406a89ee6f,2.96722366745e+23,9,13559
rental_1000x_periodic,1,0,0,4200,29.5830127181,0000000000000000000000000000000000000000003b0530b065470856b9600d,50.9353481906,500,0000000000000000000000000000000000000000003a850544d3e788bc5b351e,7.06751235996e+25,110,4799
exit_1000x_to_0_001x,0.001,0,0,12960,90.2535183677,000000000000000000000000000000000000000000000072b8dd96d90bcbc375,0.00151072470807,0,0000000000000000000000000000000000000000000000000000000000000000,0,46,13559
outage_one_day,1,0,0,8615,60.5807404376,0000000000000000000000000000000000000000000128a7fd3c01727ecfbb4e,1.00007260784,0,0000000000000000000000000000000000000000000000000000000000000000,0,0,9214
clock_future_limit,1,0,0,8589,59.5794038622,0000000000000000000000000000000000000000000128a65187695b5b8b30ee,1.00005060681,0,0000000000000000000000000000000000000000000000000000000000000000,0,0,9188
clock_behind_two_hours,1,0,0,8580,59.6250115741,0000000000000000000000000000000000000000000128a279b84c5571b87bae,1,0,0000000000000000000000000000000000000000000000000000000000000000,0,0,9179
clock_alternating_future,1,0,0,9163,64.0038230645,0000000000000000000000000000000000000000000128a6dfcaf58228da75f3,1.00005792482,0,0000000000000000000000000000000000000000000000000000000000000000,0,0,9762
stochastic_low,0.1,20260924,1,12960,114.351997503,0000000000000000000000000000000000000000000038c4e2a7325f41357882,0.191377101977,0,0000000000000000000000000000000000000000000000000000000000000000,0,310,13559
stochastic_baseline,1,20260924,1,6829,59.5994114618,0000000000000000000000000000000000000000000128afaa68964bb65ccd6e,1.00017369574,0,0000000000000000000000000000000000000000000000000000000000000000,0,164,7428
stochastic_high,10,20260924,1,4200,35.6894079271,00000000000000000000000000000000000000000006ecaf287674dfb9804069,5.97598457512,0,0000000000000000000000000000000000000000000000000000000000000000,0,99,4799
stochastic_rental_after,1,20260924,1,4200,35.8190921172,00000000000000000000000000000000000000000053374a51734cc361ab8023,71.8165894762,500,000000000000000000000000000000000000000000529a78935a789c8f7931dc,9.45759912014e+25,114,4799
stochastic_low,0.1,42008580,1,12960,113.228022228,00000000000000000000000000000000000000000000384b0f1400242dcd97b8,0.189772823461,0,0000000000000000000000000000000000000000000000000000000000000000,0,286,13559
stochastic_baseline,1,42008580,1,6792,59.3859639742,0000000000000000000000000000000000000000000128a4d08e6b1395b8683d,1.00003080395,0,0000000000000000000000000000000000000000000000000000000000000000,0,173,7391
stochastic_high,10,42008580,1,4200,37.1757765186,000000000000000000000000000000000000000000073bc605745ab1a5d242e9,6.24260650984,0,0000000000000000000000000000000000000000000000000000000000000000,0,121,4799
stochastic_rental_after,1,42008580,1,4200,37.2489823747,0000000000000000000000000000000000000000004490e21f6ed1ed259c70b9,59.1734044576,500,00000000000000000000000000000000000000000043e98608a4b6505e9b0106,9.27497318955e+25,141,4799
stochastic_low,0.1,12960500,1,12960,110.476391991,00000000000000000000000000000000000000000000367a3f8f05270abf04c4,0.183651939153,0,0000000000000000000000000000000000000000000000000000000000000000,0,236,13559
stochastic_baseline,1,12960500,1,6994,60.5740074279,0000000000000000000000000000000000000000000128a38adf9d2bf29a173f,1.00001405093,0,0000000000000000000000000000000000000000000000000000000000000000,0,133,7593
stochastic_high,10,12960500,1,4200,35.7472211783,00000000000000000000000000000000000000000006c30e24fd891ea77b48fb,5.83564710458,0,0000000000000000000000000000000000000000000000000000000000000000,0,73,4799
stochastic_rental_after,1,12960500,1,4200,35.5373996804,00000000000000000000000000000000000000000055f114323d22409d36c9b0,74.1689395462,500,000000000000000000000000000000000000000000555b051bc7c7fe8b5d7b9c,9.51543642618e+25,87,4799
